human_date_time,link,sender_names_alias
Fri Jun 13 17:08:05 2014,http://mail-archives.apache.org/mod_mbox/storm-user/201406.mbox/<CAMXBYFH24dhiqMk7tA-KyKC1bsfCCbZ-NeZkizCQ3m=atw-kQg@mail.gmail.com>,rhsieh
Fri May 30 23:25:01 2014,http://mail-archives.apache.org/mod_mbox/storm-user/201405.mbox/<CAMXBYFEY4Um-VO-8WV9AkAXr0Xdi3Y=iEB2LSYodd7aQyxW7bQ@mail.gmail.com>,rhsieh
Mon Jun  2 15:46:50 2014,http://mail-archives.apache.org/mod_mbox/storm-user/201406.mbox/<CAMXBYFG3EOD7p5S7VRBiLSsZDEhNC4NeTDgh3TcXEBKRXnxNdg@mail.gmail.com>,rhsieh
Mon Jun  2 18:51:01 2014,http://mail-archives.apache.org/mod_mbox/storm-user/201406.mbox/<CAMXBYFGcY2RZg8cSoZcU97raPaZdWN+FeY0A0zudtY7QPKOPpg@mail.gmail.com>,rhsieh
Mon Jun  2 20:25:31 2014,http://mail-archives.apache.org/mod_mbox/storm-user/201406.mbox/<CAMXBYFG=mbCLDHgM7ict9W63f_fUAi=vJ9T48AR1D_0-YTR_9g@mail.gmail.com>,rhsieh
Thu Jun 12 15:58:27 2014,http://mail-archives.apache.org/mod_mbox/storm-user/201406.mbox/<CAMXBYFF66ZUU1_m0u60RubcnzF=r3vGGMti=BjzUs7Rm9TazVg@mail.gmail.com>,rhsieh
Thu May 22 15:24:20 2014,http://mail-archives.apache.org/mod_mbox/storm-user/201405.mbox/<CAMXBYFE-qagSjz6zYXiKd-Vxj_zHjshEM+UYdWfAk=MdBxQQQg@mail.gmail.com>,rhsieh
Thu May 22 21:19:12 2014,http://mail-archives.apache.org/mod_mbox/storm-user/201405.mbox/<CAMXBYFHBgUoAsuxFRC6xrtfgArq+Ae=d-1XWwdhWFhOJf62UdA@mail.gmail.com>,rhsieh
Thu May 29 01:10:15 2014,http://mail-archives.apache.org/mod_mbox/storm-user/201405.mbox/<CAMXBYFH5woRTnQ=n1RitY_RcRvKB6JSfvYnGEHa_DQYN6PuY6A@mail.gmail.com>,rhsieh
Thu May 29 15:33:52 2014,http://mail-archives.apache.org/mod_mbox/storm-user/201405.mbox/<CAMXBYFFXcBxkK74Cr6urxVrFtKkE7c-Trn7UAZLFtG16+-seSg@mail.gmail.com>,rhsieh
Thu May 29 15:41:59 2014,http://mail-archives.apache.org/mod_mbox/storm-user/201405.mbox/<CAMXBYFHRyacjDaa0CSSHg7CCHvM=69jW07ioEZZsBZEWF6SndQ@mail.gmail.com>,rhsieh
Thu May 29 16:39:27 2014,http://mail-archives.apache.org/mod_mbox/storm-user/201405.mbox/<CAMXBYFGVY1aCo3krnCSk9zx2yQMzLepM3CthG4KMw0A5qE7-1w@mail.gmail.com>,rhsieh
Thu May 29 23:05:59 2014,http://mail-archives.apache.org/mod_mbox/storm-user/201405.mbox/<CAMXBYFGQAQ7NTJZZDF-2-+sQvKTCojRR9PGLPhAb1UU+N5dpuA@mail.gmail.com>,rhsieh
Tue Jun  3 22:08:36 2014,http://mail-archives.apache.org/mod_mbox/storm-user/201406.mbox/<CAMXBYFGL8NWZXChAQGcJVjB-u9OtZO0-gvmv9dRui-tUR_ktcQ@mail.gmail.com>,rhsieh
Tue Jun  3 22:37:03 2014,http://mail-archives.apache.org/mod_mbox/storm-user/201406.mbox/<CAMXBYFF89QP6C1RDcHCSEyqVgR9DHRoukZbgbkkMfvCv6Ukp9A@mail.gmail.com>,rhsieh
Tue Jun 10 16:23:02 2014,http://mail-archives.apache.org/mod_mbox/storm-user/201406.mbox/<CAMXBYFGwLK7gbaTyy6d8+UbZg_Fz+fr4UOLQyCoAe_D-9E8m4A@mail.gmail.com>,rhsieh
Tue May 20 22:32:09 2014,http://mail-archives.apache.org/mod_mbox/storm-user/201405.mbox/<CAMXBYFEK0v3pYSqxrFAvWMqQRVWUoF-qcAwNjEYqX6By9Tyd-A@mail.gmail.com>,rhsieh
Tue May 20 22:36:31 2014,http://mail-archives.apache.org/mod_mbox/storm-user/201405.mbox/<CAMXBYFFzwO2mqinpOMHNhcg9uH0pkiki+Q_DXj4Knsuiajjkpg@mail.gmail.com>,rhsieh
Tue May 27 17:49:55 2014,http://mail-archives.apache.org/mod_mbox/storm-user/201405.mbox/<CAMXBYFEwabcdP1xSY9WjeVNmReEojr-KyFqf-JBO2RUiZri9sQ@mail.gmail.com>,rhsieh
Tue May 27 21:23:31 2014,http://mail-archives.apache.org/mod_mbox/storm-user/201405.mbox/<CAMXBYFHKpbW_pVAOYSyfEu68a+hZAgtw9i5PnpD4ak+iL0KiSg@mail.gmail.com>,rhsieh
Tue May 27 22:02:23 2014,http://mail-archives.apache.org/mod_mbox/storm-user/201405.mbox/<CAMXBYFG7HoOjjb8se+JutxT9fDe8DFkv3gNTpMFCciKJsjEP4Q@mail.gmail.com>,rhsieh
Wed Jun 11 21:58:42 2014,http://mail-archives.apache.org/mod_mbox/storm-user/201406.mbox/<CAMXBYFF7r7SyFiMasgxWbomgnqNFTP+3hpeqZutwGiRek81cxQ@mail.gmail.com>,rhsieh
Wed May 21 23:47:45 2014,http://mail-archives.apache.org/mod_mbox/storm-user/201405.mbox/<CAMXBYFF4F=K306OTf=yC4krGrLpHQP-nwTiSdAcZuF2L5bK80Q@mail.gmail.com>,rhsieh
Wed May 28 18:15:06 2014,http://mail-archives.apache.org/mod_mbox/storm-user/201405.mbox/<CAMXBYFGpoO-mcHDemZ7kqAJb=D6cgixW3aibud2B_hamrADV5Q@mail.gmail.com>,rhsieh
Wed May 28 20:01:44 2014,http://mail-archives.apache.org/mod_mbox/storm-user/201405.mbox/<CAMXBYFFPFWhMEUC8m1332Df23XSTEchjDrKqMJJS4tgTSQ6uMg@mail.gmail.com>,rhsieh
Wed May 28 21:17:09 2014,http://mail-archives.apache.org/mod_mbox/storm-user/201405.mbox/<CAMXBYFFcG5zYzxJAMbj34Bnxe011iOZ39ssk-g8_j4WQPydeZQ@mail.gmail.com>,rhsieh
Wed May 28 21:25:20 2014,http://mail-archives.apache.org/mod_mbox/storm-user/201405.mbox/<CAMXBYFHcQ3pJzbcShVRqZP2yXhH1cGpQtmFpNuSVjObqcx-VBg@mail.gmail.com>,rhsieh
Wed May 28 22:02:27 2014,http://mail-archives.apache.org/mod_mbox/storm-user/201405.mbox/<CAMXBYFF1O5vOeO4KinQ1ZfmX1Pd=ysa7snL858rqWcr_Crz3NQ@mail.gmail.com>,rhsieh
Wed May 28 22:08:01 2014,http://mail-archives.apache.org/mod_mbox/storm-user/201405.mbox/<CAMXBYFGT75-ZPATai6xuM32fXk_Nbe_H6h93Y5fN5JYgq5HdEQ@mail.gmail.com>,rhsieh
Wed May 28 22:24:18 2014,http://mail-archives.apache.org/mod_mbox/storm-user/201405.mbox/<CAMXBYFHFAKjF9TCrSb6VjjBe8Kq43ZR8QMdzBwY168Fv148jEw@mail.gmail.com>,rhsieh
Wed May 28 23:00:08 2014,http://mail-archives.apache.org/mod_mbox/storm-user/201405.mbox/<CAMXBYFGJoM4Z3w2pzTA8n5bv1oRq=rPC3A63s+wywNgwc6Fo+Q@mail.gmail.com>,rhsieh
